timestamp,scenario,zone,detected_occupancy,density_score,density_growth,movement_score,convergence_score,conflict_score,bottleneck_score
0,SAFE,ZONE_A,22.96,12.25,2.85,9.94,4.44,2.97,4.59
0,SAFE,ZONE_B,30.14,17.0,2.52,10.52,7.29,4.79,6.56
0,SAFE,ZONE_C,22.36,11.74,3.35,7.71,5.3,3.47,6.13
0,SAFE,ZONE_D,18.0,10.02,2.29,6.15,4.36,2.68,2.71
5,SAFE,ZONE_A,22.03,13.48,1.57,9.88,6.62,3.79,5.29
5,SAFE,ZONE_B,32.59,16.34,3.32,10.96,8.38,4.92,4.72
5,SAFE,ZONE_C,20.78,10.85,2.73,7.44,4.81,3.8,3.92
5,SAFE,ZONE_D,17.5,10.68,2.13,8.14,5.56,2.53,3.56
10,SAFE,ZONE_A,23.22,12.48,2.55,8.06,6.71,3.73,4.38
10,SAFE,ZONE_B,31.42,17.29,2.58,10.95,7.49,5.27,5.88
10,SAFE,ZONE_C,19.94,11.73,2.23,8.24,3.66,3.66,3.22
10,SAFE,ZONE_D,15.58,9.94,1.18,8.23,4.7,2.62,4.14
15,SAFE,ZONE_A,21.52,14.99,2.14,8.61,5.74,4.09,4.78
15,SAFE,ZONE_B,30.55,18.46,4.08,11.7,6.85,5.66,5.8
15,SAFE,ZONE_C,17.38,11.65,2.03,7.14,5.88,2.46,3.63
15,SAFE,ZONE_D,13.28,7.5,2.3,6.69,4.62,1.97,3.3
20,SAFE,ZONE_A,23.2,14.06,3.99,8.65,5.63,3.29,4.97
20,SAFE,ZONE_B,31.78,18.51,2.93,12.43,9.61,6.29,6.1
20,SAFE,ZONE_C,18.69,11.68,2.2,6.84,5.81,3.31,2.61
20,SAFE,ZONE_D,19.56,10.92,1.81,6.2,4.11,1.49,3.51
25,SAFE,ZONE_A,24.32,13.42,1.62,8.27,6.58,4.24,4.94
25,SAFE,ZONE_B,30.4,19.37,2.38,12.46,8.06,5.25,5.5
25,SAFE,ZONE_C,16.67,11.74,1.81,7.78,5.23,3.42,4.62
25,SAFE,ZONE_D,17.86,8.05,1.15,5.51,3.67,2.82,1.89
30,SAFE,ZONE_A,21.68,13.87,2.41,9.35,6.78,3.95,5.06
30,SAFE,ZONE_B,27.85,15.63,2.19,11.71,7.88,6.25,6.89
30,SAFE,ZONE_C,17.98,10.37,1.13,8.2,6.27,3.05,2.22
30,SAFE,ZONE_D,17.55,10.87,1.5,4.21,3.67,3.54,1.42
35,SAFE,ZONE_A,22.83,13.96,2.84,7.72,5.86,3.56,4.17
35,SAFE,ZONE_B,28.87,18.57,2.79,11.95,8.3,5.49,5.92
35,SAFE,ZONE_C,17.15,10.8,1.58,7.54,5.33,3.14,4.74
35,SAFE,ZONE_D,16.15,8.57,2.36,6.05,4.81,3.15,4.67
40,SAFE,ZONE_A,22.39,15.44,1.67,10.19,4.8,3.66,4.76
40,SAFE,ZONE_B,32.0,16.83,3.16,14.9,8.38,6.01,6.26
40,SAFE,ZONE_C,18.75,10.8,2.43,6.46,5.64,3.41,3.93
40,SAFE,ZONE_D,16.42,10.46,0.54,7.96,3.9,2.5,3.39
45,SAFE,ZONE_A,23.76,14.54,3.03,8.93,5.82,4.41,4.55
45,SAFE,ZONE_B,31.37,18.18,3.05,11.6,8.6,4.68,6.72
45,SAFE,ZONE_C,22.21,11.12,3.72,7.82,4.34,3.41,3.31
45,SAFE,ZONE_D,14.43,10.31,2.53,7.1,3.27,2.78,3.96
50,SAFE,ZONE_A,21.05,12.37,1.69,9.84,6.34,4.34,4.43
50,SAFE,ZONE_B,32.24,18.75,3.0,12.91,8.06,5.79,5.02
50,SAFE,ZONE_C,18.77,12.38,2.54,7.48,6.19,4.09,5.1
50,SAFE,ZONE_D,14.02,8.78,2.48,7.12,4.9,3.99,3.8
55,SAFE,ZONE_A,23.29,14.52,2.21,9.87,5.74,3.74,4.51
55,SAFE,ZONE_B,30.23,15.98,2.08,13.91,9.08,4.84,5.31
55,SAFE,ZONE_C,20.77,13.57,0.62,7.84,4.74,3.5,3.74
55,SAFE,ZONE_D,17.89,13.35,1.63,6.1,4.94,3.16,3.13
60,SAFE,ZONE_A,21.35,14.41,2.12,9.5,6.71,4.26,5.29
60,SAFE,ZONE_B,26.41,17.78,5.26,13.08,7.98,5.6,5.34
60,SAFE,ZONE_C,19.81,14.24,2.02,8.63,5.29,3.5,4.18
60,SAFE,ZONE_D,15.42,12.91,2.09,6.22,5.37,2.86,3.36
65,SAFE,ZONE_A,23.1,13.36,2.47,7.87,5.22,3.24,4.17
65,SAFE,ZONE_B,30.55,18.62,3.3,13.54,8.77,5.77,6.02
65,SAFE,ZONE_C,20.82,13.42,3.51,8.59,5.99,2.8,4.16
65,SAFE,ZONE_D,17.89,8.62,2.14,8.92,5.05,2.73,3.22
70,SAFE,ZONE_A,23.95,12.84,2.27,10.94,6.14,4.51,4.27
70,SAFE,ZONE_B,32.48,20.52,2.65,11.97,9.64,5.31,7.55
70,SAFE,ZONE_C,21.65,13.11,2.4,9.24,5.96,4.25,4.47
70,SAFE,ZONE_D,16.51,9.91,1.58,7.99,3.33,3.5,3.35
75,SAFE,ZONE_A,23.16,12.84,2.34,10.57,5.1,4.37,5.15
75,SAFE,ZONE_B,30.62,20.39,3.59,13.22,9.9,5.27,5.99
75,SAFE,ZONE_C,19.8,12.52,0.0,8.81,2.7,2.53,4.63
75,SAFE,ZONE_D,17.77,8.9,2.98,8.38,5.52,2.11,4.23
80,SAFE,ZONE_A,22.69,12.31,2.71,9.28,6.73,4.17,6.16
80,SAFE,ZONE_B,30.77,19.27,2.29,13.72,8.29,6.23,5.05
80,SAFE,ZONE_C,21.16,10.78,1.73,9.88,5.28,4.95,4.37
80,SAFE,ZONE_D,17.9,8.37,1.93,7.56,5.24,3.15,3.9
85,SAFE,ZONE_A,23.35,12.88,2.85,10.13,7.69,4.7,5.35
85,SAFE,ZONE_B,30.43,16.78,2.94,13.46,8.66,5.45,6.69
85,SAFE,ZONE_C,21.16,14.16,2.45,7.58,5.64,3.62,3.47
85,SAFE,ZONE_D,19.6,11.81,0.0,6.95,4.71,2.03,3.81
90,SAFE,ZONE_A,26.03,12.74,2.24,9.07,6.36,3.42,5.61
90,SAFE,ZONE_B,32.08,17.68,4.23,14.0,9.2,6.0,7.1
90,SAFE,ZONE_C,20.27,11.39,3.12,8.7,5.55,3.62,4.63
90,SAFE,ZONE_D,19.35,9.09,2.29,6.42,4.35,4.0,3.41
95,SAFE,ZONE_A,23.63,12.47,1.99,10.41,7.4,5.5,7.27
95,SAFE,ZONE_B,35.01,18.87,3.49,12.71,8.15,4.99,6.36
95,SAFE,ZONE_C,21.7,11.14,1.59,9.86,5.51,2.88,4.85
95,SAFE,ZONE_D,18.27,8.19,3.54,8.01,4.79,3.5,2.85
100,SAFE,ZONE_A,24.72,13.11,1.14,10.47,6.15,4.1,4.87
100,SAFE,ZONE_B,32.03,19.47,3.84,12.84,9.79,6.24,6.96
100,SAFE,ZONE_C,21.58,10.56,2.65,9.58,6.19,4.15,3.61
100,SAFE,ZONE_D,19.45,10.1,1.93,6.99,4.52,3.61,4.07
105,SAFE,ZONE_A,24.03,15.65,3.03,10.15,6.04,3.4,5.03
105,SAFE,ZONE_B,31.34,19.82,4.02,12.29,9.11,6.03,6.53
105,SAFE,ZONE_C,21.5,12.09,2.13,9.8,7.14,4.89,5.57
105,SAFE,ZONE_D,18.75,10.53,2.54,7.14,6.82,2.29,4.82
110,SAFE,ZONE_A,24.3,16.56,3.06,11.39,6.54,3.74,4.76
110,SAFE,ZONE_B,32.79,17.51,5.01,15.13,9.05,6.16,5.57
110,SAFE,ZONE_C,20.97,12.94,3.17,9.14,6.12,4.36,4.67
110,SAFE,ZONE_D,19.93,9.57,3.95,8.63,5.87,3.28,3.84
115,SAFE,ZONE_A,23.44,17.07,2.35,11.36,6.29,5.07,5.78
115,SAFE,ZONE_B,30.96,19.0,3.15,14.74,10.95,5.31,6.76
115,SAFE,ZONE_C,20.16,12.08,3.12,9.12,6.35,4.31,4.51
115,SAFE,ZONE_D,17.67,11.11,3.33,7.89,4.41,3.8,4.69
120,SAFE,ZONE_A,24.44,14.54,2.54,11.07,6.72,3.83,4.69
120,SAFE,ZONE_B,33.25,21.38,3.11,14.42,10.9,5.09,6.55
120,SAFE,ZONE_C,22.52,13.1,1.67,10.65,5.74,2.96,4.11
120,SAFE,ZONE_D,19.07,11.59,2.03,6.86,4.5,2.37,4.26
125,SAFE,ZONE_A,25.08,16.55,3.25,10.62,7.39,5.4,5.81
125,SAFE,ZONE_B,32.46,18.92,4.81,14.56,8.13,6.47,7.14
125,SAFE,ZONE_C,19.98,12.77,2.48,8.97,6.7,4.21,5.13
125,SAFE,ZONE_D,18.08,10.22,0.0,6.63,6.15,2.99,4.4
130,SAFE,ZONE_A,24.35,16.06,3.52,12.39,7.38,3.94,4.78
130,SAFE,ZONE_B,35.2,18.89,3.73,15.01,10.26,6.5,6.47
130,SAFE,ZONE_C,22.25,13.51,1.07,9.04,4.53,4.07,4.97
130,SAFE,ZONE_D,16.22,12.53,2.21,8.25,7.17,4.34,3.99
135,SAFE,ZONE_A,27.6,16.88,3.09,10.58,8.48,4.07,5.18
135,SAFE,ZONE_B,34.3,18.51,4.5,13.2,10.1,5.83,6.85
135,SAFE,ZONE_C,23.34,14.26,2.96,9.0,6.72,3.78,5.03
135,SAFE,ZONE_D,17.53,10.47,2.78,7.94,5.04,4.35,4.18
140,SAFE,ZONE_A,26.24,14.41,3.29,10.92,7.66,5.63,5.95
140,SAFE,ZONE_B,34.77,20.14,3.89,16.22,9.5,6.4,8.04
140,SAFE,ZONE_C,23.38,12.23,3.5,10.28,5.64,4.74,5.59
140,SAFE,ZONE_D,21.98,11.03,3.84,8.48,6.19,3.08,3.72
145,SAFE,ZONE_A,26.39,12.5,3.31,10.35,6.49,4.32,5.73
145,SAFE,ZONE_B,32.97,20.51,4.04,14.51,11.04,5.84,6.26
145,SAFE,ZONE_C,22.19,12.05,2.21,9.16,6.9,3.63,5.47
145,SAFE,ZONE_D,19.33,12.16,2.49,6.92,4.38,2.7,3.13
150,SAFE,ZONE_A,26.95,13.45,3.43,10.82,7.28,5.51,6.41
150,SAFE,ZONE_B,36.52,23.11,4.21,13.14,9.8,6.37,7.92
150,SAFE,ZONE_C,20.3,12.79,3.04,12.24,5.43,5.13,5.34
150,SAFE,ZONE_D,18.92,12.38,2.49,6.03,5.38,3.5,5.9
155,SAFE,ZONE_A,27.73,14.93,2.9,11.2,7.81,5.07,5.36
155,SAFE,ZONE_B,32.63,20.85,5.03,13.73,10.71,7.85,8.27
155,SAFE,ZONE_C,22.91,13.24,3.36,9.74,7.76,4.03,6.09
155,SAFE,ZONE_D,16.68,10.62,3.9,8.83,6.03,3.71,4.71
160,SAFE,ZONE_A,26.02,15.46,5.53,13.41,7.01,4.85,5.17
160,SAFE,ZONE_B,34.0,20.08,5.18,13.65,10.39,6.46,9.55
160,SAFE,ZONE_C,21.46,13.09,2.19,10.45,7.82,4.3,5.23
160,SAFE,ZONE_D,20.15,10.17,3.28,7.09,5.9,3.79,4.11
165,SAFE,ZONE_A,25.15,15.64,4.54,10.92,7.24,3.79,6.15
165,SAFE,ZONE_B,34.45,22.36,3.88,16.12,10.61,6.24,8.48
165,SAFE,ZONE_C,20.89,12.96,1.82,9.18,6.91,5.19,7.4
165,SAFE,ZONE_D,19.06,10.45,1.76,8.19,4.81,3.91,3.79
170,SAFE,ZONE_A,24.59,14.71,2.93,11.67,6.43,4.25,7.83
170,SAFE,ZONE_B,36.73,20.07,3.49,15.66,9.73,6.64,8.4
170,SAFE,ZONE_C,21.81,15.02,3.34,10.04,7.14,4.48,5.57
170,SAFE,ZONE_D,20.27,9.83,2.21,8.0,6.81,3.96,4.5
175,SAFE,ZONE_A,24.4,14.1,5.16,14.78,6.98,4.97,6.65
175,SAFE,ZONE_B,32.55,18.61,5.3,15.31,8.5,7.39,8.74
175,SAFE,ZONE_C,22.21,11.68,1.96,10.94,6.64,4.14,5.57
175,SAFE,ZONE_D,20.06,8.78,2.67,10.7,5.91,3.84,5.09
180,SAFE,ZONE_A,29.07,14.3,3.54,12.76,8.34,5.02,6.39
180,SAFE,ZONE_B,34.23,19.07,5.66,16.32,12.56,7.24,8.92
180,SAFE,ZONE_C,24.14,13.64,2.72,11.61,8.19,4.84,6.3
180,SAFE,ZONE_D,20.76,8.96,1.4,9.0,5.29,4.63,4.54
185,SAFE,ZONE_A,24.56,15.27,3.58,12.32,7.62,5.58,7.27
185,SAFE,ZONE_B,35.24,21.73,5.56,17.37,10.33,6.8,8.41
185,SAFE,ZONE_C,24.93,14.84,3.78,11.08,7.4,3.93,6.18
185,SAFE,ZONE_D,16.62,9.89,0.58,8.63,5.76,3.63,5.57
190,SAFE,ZONE_A,26.99,16.05,3.89,12.2,7.55,5.54,6.56
190,SAFE,ZONE_B,36.87,22.64,4.76,15.84,11.09,6.98,9.51
190,SAFE,ZONE_C,21.16,12.59,4.38,11.41,8.24,4.47,4.94
190,SAFE,ZONE_D,21.42,11.26,1.11,9.56,6.41,4.11,5.55
195,SAFE,ZONE_A,30.04,17.59,4.21,11.54,7.31,6.11,6.88
195,SAFE,ZONE_B,32.49,19.94,4.57,14.08,10.16,6.65,8.79
195,SAFE,ZONE_C,22.95,13.73,3.44,11.79,6.82,4.89,5.11
195,SAFE,ZONE_D,17.98,13.92,2.09,9.77,4.66,3.4,5.97
200,SAFE,ZONE_A,27.75,13.67,4.69,12.85,7.38,5.17,6.95
200,SAFE,ZONE_B,37.71,20.73,4.44,16.48,11.86,6.68,8.39
200,SAFE,ZONE_C,24.1,13.67,2.82,10.51,7.02,4.56,7.1
200,SAFE,ZONE_D,19.43,12.57,3.09,8.99,7.15,3.85,3.72
205,SAFE,ZONE_A,27.24,15.48,3.92,12.25,8.45,6.38,5.04
205,SAFE,ZONE_B,37.06,20.84,5.85,16.65,11.67,6.71,9.1
205,SAFE,ZONE_C,23.4,13.43,1.79,9.94,7.01,4.35,6.89
205,SAFE,ZONE_D,18.72,12.27,3.25,7.6,5.53,3.68,4.75
210,SAFE,ZONE_A,26.94,16.11,4.28,12.22,6.99,5.74,8.11
210,SAFE,ZONE_B,36.07,19.74,4.15,17.48,10.91,6.78,9.13
210,SAFE,ZONE_C,23.41,15.32,3.56,10.95,7.21,4.81,7.18
210,SAFE,ZONE_D,17.95,10.9,2.39,10.01,6.8,3.98,4.78
215,SAFE,ZONE_A,25.11,16.99,3.83,12.63,7.62,5.39,7.87
215,SAFE,ZONE_B,38.25,18.54,4.26,15.99,12.45,7.63,9.81
215,SAFE,ZONE_C,20.28,11.43,3.11,11.01,7.88,5.13,5.76
215,SAFE,ZONE_D,20.31,10.72,2.08,8.36,5.69,3.4,5.22
220,SAFE,ZONE_A,28.41,18.1,5.08,13.21,9.91,5.9,7.6
220,SAFE,ZONE_B,35.0,20.01,5.88,17.09,11.79,7.4,9.55
220,SAFE,ZONE_C,25.39,15.12,3.73,12.03,7.6,4.55,6.57
220,SAFE,ZONE_D,21.29,9.84,3.05,9.15,6.52,4.13,4.13
225,SAFE,ZONE_A,27.2,16.15,3.62,13.85,7.63,6.15,6.94
225,SAFE,ZONE_B,37.1,22.36,6.22,15.53,9.63,8.17,10.26
225,SAFE,ZONE_C,24.13,13.93,4.8,8.69,6.3,4.21,5.88
225,SAFE,ZONE_D,18.38,11.82,3.89,7.22,6.56,4.88,5.08
230,SAFE,ZONE_A,29.51,17.03,5.68,13.67,7.37,5.68,6.31
230,SAFE,ZONE_B,35.48,19.27,5.71,18.19,12.94,7.94,9.24
230,SAFE,ZONE_C,23.67,12.17,2.87,10.35,9.44,6.04,5.89
230,SAFE,ZONE_D,21.18,10.98,3.0,7.87,4.45,4.76,4.54
235,SAFE,ZONE_A,27.08,17.99,4.77,12.32,7.87,5.78,6.33
235,SAFE,ZONE_B,35.8,21.58,5.44,16.34,13.21,8.75,10.37
235,SAFE,ZONE_C,23.6,12.64,2.16,11.16,6.72,4.94,5.1
235,SAFE,ZONE_D,19.74,10.2,2.0,9.37,5.78,4.45,5.58
240,SAFE,ZONE_A,26.95,16.6,5.22,13.7,6.89,5.98,7.28
240,SAFE,ZONE_B,35.89,22.66,6.24,17.89,12.63,8.11,10.15
240,SAFE,ZONE_C,23.08,14.24,4.01,11.76,6.51,5.53,5.7
240,SAFE,ZONE_D,20.98,12.19,4.41,8.53,6.36,4.93,6.18
245,SAFE,ZONE_A,28.66,18.21,2.68,12.56,9.24,4.88,8.3
245,SAFE,ZONE_B,38.34,22.1,4.34,17.62,11.25,7.0,10.87
245,SAFE,ZONE_C,25.25,14.09,2.65,11.09,7.89,5.42,6.2
245,SAFE,ZONE_D,18.43,11.56,4.26,10.16,6.59,4.14,5.06
250,SAFE,ZONE_A,28.68,17.33,3.9,14.03,9.67,6.0,7.48
250,SAFE,ZONE_B,40.09,23.38,6.02,18.97,11.76,7.93,8.98
250,SAFE,ZONE_C,26.67,15.35,3.57,12.21,9.18,6.25,5.48
250,SAFE,ZONE_D,21.06,11.66,3.16,9.77,5.92,4.62,7.4
255,SAFE,ZONE_A,28.6,15.31,4.27,13.12,9.16,6.49,6.61
255,SAFE,ZONE_B,38.19,21.87,4.81,17.65,11.74,8.93,10.43
255,SAFE,ZONE_C,23.05,15.95,2.96,10.18,7.28,5.35,6.3
255,SAFE,ZONE_D,18.01,12.38,2.61,10.31,6.53,4.77,6.21
260,SAFE,ZONE_A,28.08,18.16,3.82,12.5,9.05,6.42,7.39
260,SAFE,ZONE_B,37.71,22.14,5.92,17.56,10.98,7.79,9.32
260,SAFE,ZONE_C,23.52,13.39,3.25,10.67,9.52,5.3,7.02
260,SAFE,ZONE_D,21.02,13.37,1.36,11.36,6.81,4.98,4.56
265,SAFE,ZONE_A,30.32,17.44,5.11,13.92,10.78,5.81,6.01
265,SAFE,ZONE_B,35.89,22.5,6.23,16.04,11.79,8.51,10.63
265,SAFE,ZONE_C,23.82,14.0,3.27,8.94,6.62,4.06,4.85
265,SAFE,ZONE_D,19.53,12.21,3.24,10.09,7.4,3.29,6.12
270,SAFE,ZONE_A,30.78,15.89,4.54,14.72,7.66,5.2,6.32
270,SAFE,ZONE_B,39.38,21.97,5.26,16.79,12.19,8.17,10.82
270,SAFE,ZONE_C,22.8,15.84,3.82,12.91,8.08,5.63,5.82
270,SAFE,ZONE_D,20.82,11.81,2.09,10.34,4.62,4.76,4.41
275,SAFE,ZONE_A,27.23,16.99,4.89,13.72,7.83,4.58,7.5
275,SAFE,ZONE_B,39.54,21.79,4.97,17.6,12.12,7.84,9.54
275,SAFE,ZONE_C,25.42,15.14,3.41,12.21,8.22,4.84,5.68
275,SAFE,ZONE_D,20.92,11.93,4.21,9.68,6.02,4.07,6.36
280,SAFE,ZONE_A,27.75,17.03,5.04,13.6,9.59,6.12,7.85
280,SAFE,ZONE_B,38.32,21.37,5.48,18.27,11.65,8.12,10.16
280,SAFE,ZONE_C,22.88,14.38,4.15,10.88,7.8,5.53,6.91
280,SAFE,ZONE_D,21.67,11.62,3.1,8.31,6.89,3.33,6.01
285,SAFE,ZONE_A,27.42,16.27,4.65,14.31,8.67,6.31,7.3
285,SAFE,ZONE_B,36.26,21.41,7.14,16.82,10.29,6.87,10.01
285,SAFE,ZONE_C,27.01,15.82,3.09,13.37,7.37,5.82,6.54
285,SAFE,ZONE_D,21.08,14.96,2.41,9.79,8.03,5.11,5.01
290,SAFE,ZONE_A,28.32,17.49,2.9,12.2,7.81,4.6,7.02
290,SAFE,ZONE_B,38.04,21.86,6.97,15.32,12.31,8.93,9.21
290,SAFE,ZONE_C,24.08,12.13,3.76,10.14,8.57,6.11,5.94
290,SAFE,ZONE_D,21.23,12.1,3.52,9.2,6.53,3.44,5.59
295,SAFE,ZONE_A,29.62,16.16,4.66,14.59,10.06,5.96,8.45
295,SAFE,ZONE_B,37.43,21.1,5.28,17.67,13.14,9.1,9.76
295,SAFE,ZONE_C,25.15,13.43,3.4,12.47,7.77,6.24,6.16
295,SAFE,ZONE_D,21.58,11.83,2.01,10.89,6.89,3.96,5.3
0,ESCALATING,ZONE_A,23.25,13.94,2.67,16.57,6.22,7.28,4.65
0,ESCALATING,ZONE_B,35.51,17.71,3.57,19.93,9.44,6.98,11.5
0,ESCALATING,ZONE_C,22.32,18.76,2.82,7.2,10.29,6.56,5.02
0,ESCALATING,ZONE_D,22.54,15.26,2.8,9.17,5.24,4.85,8.4
5,ESCALATING,ZONE_A,26.77,16.18,5.53,12.19,4.39,3.26,4.7
5,ESCALATING,ZONE_B,32.94,20.04,5.47,19.01,11.03,9.86,8.54
5,ESCALATING,ZONE_C,22.03,17.03,2.19,14.6,7.61,5.71,5.59
5,ESCALATING,ZONE_D,20.11,13.94,5.11,7.0,7.03,3.83,0.0
10,ESCALATING,ZONE_A,23.85,17.64,2.94,19.55,4.15,6.52,3.31
10,ESCALATING,ZONE_B,36.1,21.51,5.29,18.42,10.59,9.69,9.56
10,ESCALATING,ZONE_C,22.48,17.01,1.63,7.74,7.83,6.56,6.51
10,ESCALATING,ZONE_D,15.06,9.64,3.91,10.27,5.96,8.38,1.32
15,ESCALATING,ZONE_A,25.47,17.11,0.0,14.34,11.58,5.34,6.94
15,ESCALATING,ZONE_B,35.37,20.32,5.51,18.26,10.75,12.74,7.08
15,ESCALATING,ZONE_C,23.75,13.72,5.07,11.8,5.76,4.79,10.5
15,ESCALATING,ZONE_D,19.35,13.05,1.48,10.15,2.5,7.4,2.91
20,ESCALATING,ZONE_A,28.67,16.54,3.08,8.25,9.26,6.21,3.98
20,ESCALATING,ZONE_B,36.33,25.28,5.85,24.42,9.88,9.23,6.69
20,ESCALATING,ZONE_C,19.6,15.94,0.32,11.81,6.04,1.41,6.62
20,ESCALATING,ZONE_D,23.58,12.35,5.17,10.09,5.79,3.55,5.07
25,ESCALATING,ZONE_A,27.07,15.74,3.46,15.69,5.56,8.77,3.3
25,ESCALATING,ZONE_B,35.05,23.56,7.71,19.69,13.49,8.7,8.23
25,ESCALATING,ZONE_C,22.48,9.66,5.59,15.87,10.11,6.5,6.0
25,ESCALATING,ZONE_D,20.3,10.65,3.06,8.87,10.64,4.71,8.84
30,ESCALATING,ZONE_A,25.73,22.31,7.09,14.7,6.66,5.9,7.31
30,ESCALATING,ZONE_B,41.48,24.32,5.01,17.54,9.5,11.15,8.59
30,ESCALATING,ZONE_C,26.1,19.37,6.46,10.17,7.81,6.91,1.65
30,ESCALATING,ZONE_D,19.45,13.48,0.9,9.48,6.68,8.27,5.78
35,ESCALATING,ZONE_A,27.4,17.61,5.15,14.25,6.02,6.25,9.8
35,ESCALATING,ZONE_B,36.69,23.63,8.41,17.59,9.72,10.16,11.52
35,ESCALATING,ZONE_C,24.62,21.15,5.79,16.5,8.08,6.17,7.47
35,ESCALATING,ZONE_D,22.81,14.69,7.07,10.69,11.31,4.37,3.6
40,ESCALATING,ZONE_A,24.91,17.76,3.99,15.43,8.53,10.61,9.22
40,ESCALATING,ZONE_B,37.52,22.28,8.86,18.35,11.37,8.32,13.86
40,ESCALATING,ZONE_C,22.32,13.39,7.41,16.57,6.08,8.57,6.68
40,ESCALATING,ZONE_D,17.85,19.2,5.77,10.28,9.32,6.99,10.75
45,ESCALATING,ZONE_A,25.37,20.34,4.55,14.13,10.39,7.09,10.68
45,ESCALATING,ZONE_B,38.59,26.4,10.63,27.79,9.59,9.28,9.72
45,ESCALATING,ZONE_C,24.94,17.33,7.28,13.7,11.28,7.61,8.88
45,ESCALATING,ZONE_D,17.43,13.02,3.55,6.48,9.28,5.38,8.04
50,ESCALATING,ZONE_A,26.82,17.59,5.3,14.61,12.45,9.78,13.26
50,ESCALATING,ZONE_B,36.13,22.82,8.22,18.32,14.34,11.47,13.18
50,ESCALATING,ZONE_C,22.92,21.98,6.67,15.67,5.67,5.74,10.88
50,ESCALATING,ZONE_D,25.53,13.15,4.01,12.05,9.49,5.12,5.01
55,ESCALATING,ZONE_A,33.32,17.07,7.32,13.57,9.23,7.75,6.92
55,ESCALATING,ZONE_B,39.39,27.71,8.82,27.32,14.85,8.29,10.24
55,ESCALATING,ZONE_C,25.52,12.25,8.29,12.95,12.17,7.64,8.8
55,ESCALATING,ZONE_D,23.22,15.36,1.17,9.05,10.91,7.41,5.11
60,ESCALATING,ZONE_A,27.12,19.84,5.34,19.15,9.53,15.16,9.06
60,ESCALATING,ZONE_B,35.49,26.98,10.12,21.55,19.17,13.82,15.39
60,ESCALATING,ZONE_C,27.69,15.26,4.75,14.28,11.5,5.61,4.66
60,ESCALATING,ZONE_D,21.09,14.85,7.17,9.1,6.65,7.54,7.22
65,ESCALATING,ZONE_A,29.84,17.55,11.82,20.4,12.57,7.41,11.37
65,ESCALATING,ZONE_B,37.74,25.22,11.29,23.9,12.25,13.11,14.5
65,ESCALATING,ZONE_C,27.39,16.51,6.5,10.61,9.02,8.74,11.73
65,ESCALATING,ZONE_D,22.92,12.17,6.88,15.64,9.75,7.69,7.71
70,ESCALATING,ZONE_A,27.95,25.06,10.7,18.43,7.75,8.73,13.27
70,ESCALATING,ZONE_B,39.83,26.51,11.03,23.81,17.01,15.47,18.1
70,ESCALATING,ZONE_C,24.63,22.7,6.5,14.06,14.01,9.69,8.63
70,ESCALATING,ZONE_D,20.47,15.52,9.18,13.04,7.47,6.86,8.97
75,ESCALATING,ZONE_A,33.14,24.83,6.61,19.57,15.33,8.0,12.26
75,ESCALATING,ZONE_B,40.37,28.27,13.93,26.61,16.86,16.67,18.82
75,ESCALATING,ZONE_C,26.31,22.5,11.42,14.26,11.44,9.99,8.18
75,ESCALATING,ZONE_D,21.78,17.39,8.22,16.02,12.6,10.29,6.67
80,ESCALATING,ZONE_A,31.81,21.98,6.82,18.65,13.35,11.67,11.64
80,ESCALATING,ZONE_B,44.27,34.76,12.3,25.99,18.7,15.76,15.78
80,ESCALATING,ZONE_C,26.99,19.72,11.4,19.89,11.48,9.94,12.97
80,ESCALATING,ZONE_D,21.12,16.48,6.82,11.43,9.39,7.82,7.89
85,ESCALATING,ZONE_A,30.95,23.34,12.18,19.38,13.92,12.83,9.05
85,ESCALATING,ZONE_B,39.47,31.49,13.52,27.07,18.07,14.65,19.05
85,ESCALATING,ZONE_C,26.42,21.79,9.61,15.03,10.86,13.85,11.61
85,ESCALATING,ZONE_D,22.71,20.14,8.68,20.95,11.15,8.69,10.17
90,ESCALATING,ZONE_A,33.38,24.17,12.17,23.24,11.6,9.39,15.36
90,ESCALATING,ZONE_B,43.53,33.68,20.49,28.48,21.65,15.63,16.35
90,ESCALATING,ZONE_C,31.38,19.67,11.06,24.04,11.33,7.77,15.93
90,ESCALATING,ZONE_D,24.29,18.82,13.02,13.17,13.09,10.2,6.83
95,ESCALATING,ZONE_A,33.02,25.35,11.99,23.22,18.16,15.03,14.88
95,ESCALATING,ZONE_B,47.21,30.93,15.13,28.65,21.55,16.95,19.94
95,ESCALATING,ZONE_C,26.97,21.55,10.02,19.36,12.22,11.83,14.58
95,ESCALATING,ZONE_D,25.76,21.45,7.75,15.79,8.5,7.8,14.01
100,ESCALATING,ZONE_A,29.44,27.63,16.2,23.92,15.35,16.15,18.56
100,ESCALATING,ZONE_B,47.33,32.26,15.55,32.1,23.79,18.5,17.92
100,ESCALATING,ZONE_C,27.15,20.53,11.23,15.76,13.98,13.07,13.22
100,ESCALATING,ZONE_D,23.75,16.08,10.55,15.05,11.6,12.34,9.13
105,ESCALATING,ZONE_A,37.41,24.31,14.17,24.93,18.05,13.33,18.34
105,ESCALATING,ZONE_B,44.24,35.2,21.83,28.16,23.75,22.1,17.12
105,ESCALATING,ZONE_C,29.18,22.92,11.36,21.72,18.42,12.56,16.21
105,ESCALATING,ZONE_D,23.34,19.82,12.66,20.01,11.82,13.29,10.73
110,ESCALATING,ZONE_A,36.11,27.53,15.94,23.2,21.74,14.54,16.76
110,ESCALATING,ZONE_B,48.66,33.46,21.34,32.41,27.21,22.89,18.36
110,ESCALATING,ZONE_C,29.81,24.59,16.57,21.94,12.73,15.07,18.88
110,ESCALATING,ZONE_D,29.28,17.2,14.03,15.84,17.8,13.17,10.82
115,ESCALATING,ZONE_A,35.64,30.34,13.41,21.36,15.57,17.2,16.36
115,ESCALATING,ZONE_B,45.91,37.87,21.48,34.04,27.77,24.06,25.01
115,ESCALATING,ZONE_C,30.42,26.88,12.84,17.64,17.31,11.34,16.01
115,ESCALATING,ZONE_D,25.07,22.59,14.13,17.89,14.5,14.08,14.38
120,ESCALATING,ZONE_A,35.52,30.64,16.03,26.02,19.93,19.28,21.3
120,ESCALATING,ZONE_B,44.69,37.5,23.92,31.19,28.63,25.74,27.13
120,ESCALATING,ZONE_C,34.02,20.34,12.45,19.47,17.66,14.82,20.93
120,ESCALATING,ZONE_D,24.03,19.22,13.17,21.69,18.28,14.71,15.47
125,ESCALATING,ZONE_A,35.59,29.41,20.33,27.24,18.62,20.07,18.36
125,ESCALATING,ZONE_B,43.17,36.58,28.1,33.64,24.58,27.48,28.13
125,ESCALATING,ZONE_C,33.95,27.09,16.1,23.74,16.83,17.97,15.48
125,ESCALATING,ZONE_D,28.61,20.21,13.07,17.19,13.21,14.42,15.92
130,ESCALATING,ZONE_A,40.49,33.25,19.76,27.47,21.89,20.93,21.12
130,ESCALATING,ZONE_B,52.43,41.62,26.49,37.01,31.14,30.66,31.82
130,ESCALATING,ZONE_C,34.32,29.57,17.04,23.03,20.14,11.24,19.86
130,ESCALATING,ZONE_D,29.0,23.87,14.55,21.25,16.28,15.18,14.35
135,ESCALATING,ZONE_A,38.84,33.74,19.0,26.37,20.83,18.28,18.46
135,ESCALATING,ZONE_B,47.99,43.2,29.11,40.22,30.1,29.54,33.02
135,ESCALATING,ZONE_C,33.02,27.23,18.85,24.0,17.84,17.4,20.13
135,ESCALATING,ZONE_D,28.87,24.82,13.42,20.6,15.78,13.91,14.07
140,ESCALATING,ZONE_A,40.53,36.96,23.92,24.68,25.58,24.09,22.87
140,ESCALATING,ZONE_B,57.24,41.37,27.08,37.56,31.19,26.54,25.11
140,ESCALATING,ZONE_C,34.09,28.52,20.34,22.2,21.26,20.99,16.48
140,ESCALATING,ZONE_D,31.18,26.45,16.53,26.01,17.32,21.64,17.04
145,ESCALATING,ZONE_A,39.98,28.29,22.56,26.92,25.44,18.96,26.36
145,ESCALATING,ZONE_B,52.16,45.34,28.38,44.28,33.42,32.02,33.99
145,ESCALATING,ZONE_C,34.83,27.41,18.35,23.37,21.36,22.82,18.51
145,ESCALATING,ZONE_D,29.68,23.43,16.9,23.78,18.14,19.75,18.93
150,ESCALATING,ZONE_A,42.53,32.23,20.7,25.03,25.42,21.76,22.12
150,ESCALATING,ZONE_B,55.62,46.28,33.37,40.7,35.6,31.29,33.94
150,ESCALATING,ZONE_C,32.74,26.38,23.37,25.21,22.45,19.06,20.17
150,ESCALATING,ZONE_D,30.22,22.8,17.69,21.97,17.82,15.25,25.74
155,ESCALATING,ZONE_A,42.09,33.94,21.78,29.87,29.01,24.96,26.66
155,ESCALATING,ZONE_B,55.72,52.34,31.36,42.73,38.34,33.96,36.01
155,ESCALATING,ZONE_C,35.22,36.53,23.52,24.96,24.58,18.93,18.95
155,ESCALATING,ZONE_D,29.67,22.07,16.15,22.79,20.8,18.53,21.48
160,ESCALATING,ZONE_A,43.12,33.04,24.94,32.46,26.84,25.46,26.02
160,ESCALATING,ZONE_B,51.08,49.21,28.73,46.46,37.38,34.79,35.04
160,ESCALATING,ZONE_C,38.34,34.05,23.65,26.64,23.74,22.81,25.22
160,ESCALATING,ZONE_D,29.43,27.21,16.49,21.99,18.54,15.66,23.17
165,ESCALATING,ZONE_A,43.6,38.19,19.99,35.9,22.59,24.19,31.52
165,ESCALATING,ZONE_B,53.67,49.73,34.36,42.67,38.42,39.43,40.69
165,ESCALATING,ZONE_C,36.12,27.85,22.61,31.23,22.47,23.31,25.92
165,ESCALATING,ZONE_D,32.6,29.43,19.01,26.09,17.52,20.37,21.68
170,ESCALATING,ZONE_A,42.64,34.0,24.57,36.31,25.74,28.5,29.79
170,ESCALATING,ZONE_B,59.8,52.33,38.63,44.52,35.34,34.62,41.93
170,ESCALATING,ZONE_C,39.01,34.82,21.8,25.2,24.57,24.52,24.58
170,ESCALATING,ZONE_D,32.99,28.57,17.65,21.0,20.27,20.38,23.67
175,ESCALATING,ZONE_A,41.58,37.06,25.65,36.73,31.94,23.62,29.88
175,ESCALATING,ZONE_B,56.67,50.92,35.53,49.84,42.13,37.38,42.74
175,ESCALATING,ZONE_C,36.71,28.83,27.5,32.02,27.95,25.39,28.21
175,ESCALATING,ZONE_D,29.5,25.79,18.85,24.45,19.62,17.0,20.6
180,ESCALATING,ZONE_A,42.91,42.59,25.9,39.38,31.29,25.54,30.15
180,ESCALATING,ZONE_B,59.44,52.97,35.76,41.69,42.1,37.8,45.48
180,ESCALATING,ZONE_C,38.2,33.7,23.93,37.24,28.28,23.22,28.76
180,ESCALATING,ZONE_D,32.91,25.91,20.74,28.58,20.39,20.02,25.91
185,ESCALATING,ZONE_A,43.7,37.0,29.69,33.09,27.86,27.9,28.27
185,ESCALATING,ZONE_B,63.55,57.51,37.33,47.33,43.92,43.27,47.4
185,ESCALATING,ZONE_C,37.24,38.59,24.24,32.59,30.05,25.61,28.64
185,ESCALATING,ZONE_D,32.39,28.04,23.96,25.75,25.83,21.87,23.18
190,ESCALATING,ZONE_A,44.45,38.73,28.64,41.94,33.18,29.92,29.25
190,ESCALATING,ZONE_B,63.51,53.7,38.74,51.22,41.88,38.77,44.64
190,ESCALATING,ZONE_C,39.85,35.39,25.18,30.89,31.61,25.29,27.24
190,ESCALATING,ZONE_D,34.66,30.87,24.32,25.71,24.33,21.46,26.47
195,ESCALATING,ZONE_A,45.29,42.33,29.2,39.96,31.49,29.62,33.13
195,ESCALATING,ZONE_B,65.31,54.84,36.78,51.52,43.79,40.35,45.91
195,ESCALATING,ZONE_C,39.35,38.97,28.43,34.07,28.86,27.32,28.37
195,ESCALATING,ZONE_D,32.12,33.19,23.85,24.35,27.27,26.61,27.87
200,ESCALATING,ZONE_A,47.55,40.97,31.55,37.85,33.24,31.91,36.07
200,ESCALATING,ZONE_B,62.41,58.74,39.72,49.96,47.64,40.02,43.27
200,ESCALATING,ZONE_C,40.4,39.32,29.56,30.86,28.37,27.03,35.06
200,ESCALATING,ZONE_D,37.48,31.43,20.21,23.58,25.96,21.5,23.73
205,ESCALATING,ZONE_A,47.65,42.25,34.5,38.57,34.88,31.87,40.57
205,ESCALATING,ZONE_B,65.11,60.58,43.79,47.31,48.73,38.89,49.21
205,ESCALATING,ZONE_C,37.62,38.24,25.77,32.35,30.03,26.6,30.15
205,ESCALATING,ZONE_D,34.95,33.31,21.23,27.59,29.05,21.07,28.81
210,ESCALATING,ZONE_A,45.74,45.98,29.92,40.4,39.41,33.34,37.58
210,ESCALATING,ZONE_B,62.78,55.84,44.06,52.69,47.05,44.32,48.42
210,ESCALATING,ZONE_C,41.97,36.85,26.29,36.49,32.93,29.73,28.35
210,ESCALATING,ZONE_D,34.54,33.67,26.91,31.08,28.41,21.43,30.03
215,ESCALATING,ZONE_A,47.86,44.84,33.97,38.57,36.41,33.43,36.03
215,ESCALATING,ZONE_B,67.27,60.39,44.57,51.88,46.03,44.63,49.72
215,ESCALATING,ZONE_C,43.05,40.49,27.81,35.15,31.83,32.32,37.7
215,ESCALATING,ZONE_D,34.22,33.48,25.8,30.94,27.8,22.54,24.46
220,ESCALATING,ZONE_A,47.92,42.04,35.99,42.55,38.17,35.62,38.94
220,ESCALATING,ZONE_B,61.3,59.25,45.15,58.85,46.86,42.03,54.4
220,ESCALATING,ZONE_C,39.6,45.62,28.69,38.15,34.62,27.2,34.79
220,ESCALATING,ZONE_D,38.07,33.79,28.12,30.09,24.84,26.64,27.47
225,ESCALATING,ZONE_A,50.84,46.85,35.73,40.48,42.81,33.4,37.79
225,ESCALATING,ZONE_B,69.45,59.6,46.63,57.28,46.52,42.02,51.9
225,ESCALATING,ZONE_C,43.17,41.33,31.59,39.22,33.41,29.4,36.93
225,ESCALATING,ZONE_D,37.39,32.18,29.63,28.47,27.47,25.37,26.2
230,ESCALATING,ZONE_A,51.42,47.34,33.78,45.21,38.84,32.68,43.13
230,ESCALATING,ZONE_B,70.5,61.2,48.99,59.37,56.25,45.38,53.5
230,ESCALATING,ZONE_C,44.97,42.31,30.38,34.13,32.69,29.0,36.77
230,ESCALATING,ZONE_D,37.73,38.29,25.85,32.08,23.12,25.52,28.66
235,ESCALATING,ZONE_A,52.27,44.14,40.78,44.61,39.62,38.64,41.21
235,ESCALATING,ZONE_B,71.67,59.26,51.69,54.73,53.06,46.79,52.03
235,ESCALATING,ZONE_C,46.17,40.6,35.13,40.65,34.84,29.09,39.31
235,ESCALATING,ZONE_D,35.78,37.39,26.65,31.06,28.31,22.17,27.1
240,ESCALATING,ZONE_A,51.41,46.2,38.99,44.68,40.24,34.41,41.76
240,ESCALATING,ZONE_B,66.65,64.49,52.43,57.66,53.76,49.12,52.82
240,ESCALATING,ZONE_C,44.48,41.78,32.1,35.46,31.91,32.45,33.95
240,ESCALATING,ZONE_D,39.66,29.81,26.21,30.89,32.98,27.93,29.0
245,ESCALATING,ZONE_A,51.74,45.03,35.44,45.39,35.54,36.89,40.82
245,ESCALATING,ZONE_B,70.65,66.53,56.39,57.7,53.41,50.17,58.07
245,ESCALATING,ZONE_C,51.08,39.2,30.75,39.39,38.37,31.74,37.85
245,ESCALATING,ZONE_D,40.65,33.61,30.17,28.85,32.03,25.94,28.24
250,ESCALATING,ZONE_A,54.88,47.6,40.22,43.44,41.47,38.4,41.4
250,ESCALATING,ZONE_B,68.61,64.11,52.95,57.17,54.17,49.42,59.23
250,ESCALATING,ZONE_C,41.6,40.63,31.56,33.77,35.98,27.52,33.57
250,ESCALATING,ZONE_D,37.89,36.51,27.54,33.97,29.08,28.32,32.31
255,ESCALATING,ZONE_A,54.6,46.78,39.96,47.15,43.01,41.18,41.13
255,ESCALATING,ZONE_B,68.93,61.09,48.66,56.64,52.97,49.48,54.42
255,ESCALATING,ZONE_C,44.52,40.62,34.91,39.63,37.92,33.87,40.16
255,ESCALATING,ZONE_D,38.46,35.03,29.17,34.26,34.7,29.26,34.01
260,ESCALATING,ZONE_A,50.16,47.17,41.11,46.46,42.3,35.47,45.4
260,ESCALATING,ZONE_B,69.16,64.28,52.17,63.6,57.46,50.32,56.83
260,ESCALATING,ZONE_C,45.86,43.8,35.51,39.54,35.69,32.02,35.64
260,ESCALATING,ZONE_D,44.99,37.71,30.15,34.92,28.86,26.77,30.62
265,ESCALATING,ZONE_A,50.75,52.9,45.88,46.46,43.63,37.06,39.35
265,ESCALATING,ZONE_B,70.06,67.49,54.72,58.46,56.68,46.66,59.03
265,ESCALATING,ZONE_C,46.95,43.1,33.48,37.82,34.38,34.93,38.22
265,ESCALATING,ZONE_D,40.31,36.23,29.73,36.12,32.86,27.58,30.5
270,ESCALATING,ZONE_A,52.23,47.57,37.59,50.14,43.31,39.09,43.43
270,ESCALATING,ZONE_B,72.77,66.36,57.62,58.9,57.46,51.03,58.69
270,ESCALATING,ZONE_C,44.59,45.61,33.97,36.2,39.11,32.14,37.29
270,ESCALATING,ZONE_D,41.46,38.82,26.48,32.83,31.69,29.67,34.69
275,ESCALATING,ZONE_A,53.29,52.96,40.69,47.39,42.63,37.88,40.97
275,ESCALATING,ZONE_B,71.28,67.66,56.04,64.87,57.36,53.05,57.56
275,ESCALATING,ZONE_C,46.57,46.66,35.36,36.93,38.38,32.45,43.27
275,ESCALATING,ZONE_D,39.9,38.53,30.02,32.1,31.03,28.32,32.54
280,ESCALATING,ZONE_A,49.84,50.09,41.08,43.04,43.16,38.86,39.32
280,ESCALATING,ZONE_B,73.25,65.75,56.81,67.2,57.4,47.29,58.24
280,ESCALATING,ZONE_C,46.62,38.39,36.22,44.95,40.62,37.25,36.2
280,ESCALATING,ZONE_D,35.68,36.22,30.16,33.22,31.21,29.39,30.09
285,ESCALATING,ZONE_A,52.08,51.9,41.9,43.5,43.7,40.93,46.81
285,ESCALATING,ZONE_B,74.34,69.23,55.33,64.37,58.81,54.29,62.12
285,ESCALATING,ZONE_C,48.54,42.29,36.09,37.02,36.31,32.35,41.13
285,ESCALATING,ZONE_D,36.28,36.44,31.69,38.24,33.38,25.58,32.32
290,ESCALATING,ZONE_A,53.79,49.8,39.96,47.64,43.86,40.23,45.3
290,ESCALATING,ZONE_B,75.01,68.86,56.77,61.19,56.76,55.38,60.5
290,ESCALATING,ZONE_C,48.38,44.87,33.02,39.5,36.18,35.51,41.92
290,ESCALATING,ZONE_D,40.1,37.82,31.31,31.79,32.01,29.42,35.04
295,ESCALATING,ZONE_A,55.64,51.24,42.82,48.68,41.89,35.38,48.86
295,ESCALATING,ZONE_B,73.61,68.31,53.83,62.03,60.87,53.11,55.72
295,ESCALATING,ZONE_C,48.91,42.31,30.27,35.88,40.54,33.0,37.12
295,ESCALATING,ZONE_D,37.99,36.54,24.84,32.55,30.85,26.56,33.41
0,CRITICAL,ZONE_A,29.89,15.35,8.15,13.72,12.46,4.3,9.09
0,CRITICAL,ZONE_B,40.75,23.37,7.16,26.06,19.56,6.96,11.01
0,CRITICAL,ZONE_C,24.38,13.23,8.12,20.66,13.22,5.86,7.83
0,CRITICAL,ZONE_D,19.79,15.3,5.7,14.64,12.85,6.47,4.98
5,CRITICAL,ZONE_A,29.49,21.83,7.96,15.8,7.49,3.88,7.33
5,CRITICAL,ZONE_B,40.16,32.54,8.63,20.66,18.98,9.17,14.28
5,CRITICAL,ZONE_C,27.83,21.07,5.54,14.46,10.57,7.95,7.47
5,CRITICAL,ZONE_D,23.62,13.7,2.46,6.87,4.4,3.32,3.13
10,CRITICAL,ZONE_A,30.22,19.75,9.71,15.93,9.16,7.11,10.01
10,CRITICAL,ZONE_B,37.36,27.93,5.46,19.19,17.53,10.28,11.48
10,CRITICAL,ZONE_C,25.96,21.88,10.42,15.96,14.33,5.8,12.96
10,CRITICAL,ZONE_D,22.8,12.6,0.0,9.16,7.31,4.21,11.4
15,CRITICAL,ZONE_A,31.17,26.3,6.23,16.87,13.03,8.12,8.23
15,CRITICAL,ZONE_B,39.19,28.25,11.88,25.74,9.39,8.82,13.45
15,CRITICAL,ZONE_C,27.53,26.9,3.56,12.75,11.42,8.08,14.29
15,CRITICAL,ZONE_D,21.15,18.04,5.98,12.41,6.69,5.85,4.84
20,CRITICAL,ZONE_A,27.81,20.78,5.56,12.36,10.51,6.07,12.03
20,CRITICAL,ZONE_B,41.01,30.41,12.51,22.47,15.35,10.97,17.16
20,CRITICAL,ZONE_C,25.45,21.37,11.1,17.31,8.43,11.05,12.6
20,CRITICAL,ZONE_D,23.0,15.58,3.61,15.84,10.23,5.25,7.98
25,CRITICAL,ZONE_A,32.59,20.36,8.69,12.52,11.94,10.32,13.45
25,CRITICAL,ZONE_B,40.39,30.0,13.18,28.81,16.81,14.83,18.33
25,CRITICAL,ZONE_C,28.41,20.11,8.89,15.45,13.02,8.16,6.96
25,CRITICAL,ZONE_D,22.85,14.42,7.16,11.41,7.3,2.78,6.97
30,CRITICAL,ZONE_A,30.55,25.92,5.75,15.02,15.75,14.26,13.28
30,CRITICAL,ZONE_B,42.5,30.53,12.74,24.24,20.77,14.02,16.44
30,CRITICAL,ZONE_C,25.61,18.31,9.59,16.18,12.65,9.99,8.34
30,CRITICAL,ZONE_D,24.58,15.35,15.11,16.41,13.51,9.38,14.21
35,CRITICAL,ZONE_A,32.56,18.59,5.18,19.91,14.0,8.19,12.94
35,CRITICAL,ZONE_B,41.27,29.68,21.42,25.5,17.93,18.19,17.84
35,CRITICAL,ZONE_C,31.22,20.19,8.45,18.37,8.32,7.52,13.99
35,CRITICAL,ZONE_D,22.36,11.25,6.91,15.99,11.31,8.72,13.31
40,CRITICAL,ZONE_A,33.62,27.31,12.72,24.07,15.96,11.65,17.01
40,CRITICAL,ZONE_B,45.68,32.92,15.46,26.67,17.79,15.7,19.3
40,CRITICAL,ZONE_C,25.47,24.42,15.2,16.56,14.54,13.15,10.57
40,CRITICAL,ZONE_D,25.25,20.29,6.21,11.66,15.72,9.01,8.26
45,CRITICAL,ZONE_A,32.27,32.95,14.61,22.48,18.4,17.72,17.37
45,CRITICAL,ZONE_B,49.33,34.77,10.98,28.17,29.63,19.54,17.55
45,CRITICAL,ZONE_C,31.4,20.78,10.26,16.09,15.66,14.19,12.44
45,CRITICAL,ZONE_D,23.85,17.38,7.77,11.8,8.78,9.07,9.21
50,CRITICAL,ZONE_A,31.92,30.47,13.75,22.69,15.13,15.53,14.31
50,CRITICAL,ZONE_B,48.02,34.1,15.63,28.78,24.67,14.27,18.24
50,CRITICAL,ZONE_C,27.9,20.66,13.98,24.92,16.87,11.35,16.4
50,CRITICAL,ZONE_D,27.97,20.51,11.63,14.18,13.14,11.32,14.08
55,CRITICAL,ZONE_A,36.3,27.38,21.92,29.43,19.79,15.64,16.52
55,CRITICAL,ZONE_B,48.15,36.44,22.71,27.66,28.01,17.68,28.45
55,CRITICAL,ZONE_C,30.8,23.4,11.12,24.58,10.7,15.41,13.9
55,CRITICAL,ZONE_D,26.28,23.3,11.86,19.6,13.2,6.82,13.74
60,CRITICAL,ZONE_A,39.34,28.47,16.34,27.6,19.75,16.73,14.36
60,CRITICAL,ZONE_B,46.07,36.33,24.73,37.88,28.92,23.85,25.53
60,CRITICAL,ZONE_C,31.36,29.62,13.12,19.33,17.96,15.62,15.23
60,CRITICAL,ZONE_D,28.68,22.92,14.18,17.04,13.45,13.72,15.29
65,CRITICAL,ZONE_A,39.62,35.41,21.31,30.29,20.49,18.84,17.82
65,CRITICAL,ZONE_B,48.9,39.52,21.9,30.71,31.14,21.53,28.49
65,CRITICAL,ZONE_C,29.97,24.32,20.44,22.68,20.72,15.17,15.92
65,CRITICAL,ZONE_D,26.9,25.18,11.39,17.25,20.67,15.56,14.07
70,CRITICAL,ZONE_A,38.9,33.82,21.07,22.98,20.89,16.29,23.74
70,CRITICAL,ZONE_B,49.87,43.25,26.22,40.51,33.04,29.42,27.42
70,CRITICAL,ZONE_C,37.46,27.16,16.67,26.87,19.15,15.63,19.33
70,CRITICAL,ZONE_D,29.43,23.77,6.99,17.24,17.6,13.59,17.07
75,CRITICAL,ZONE_A,44.67,36.67,16.76,32.84,28.15,17.43,23.04
75,CRITICAL,ZONE_B,54.16,41.9,28.69,37.31,32.6,25.36,27.69
75,CRITICAL,ZONE_C,35.13,29.48,25.73,25.77,16.43,19.27,20.87
75,CRITICAL,ZONE_D,31.99,23.59,13.29,21.93,18.11,15.23,16.69
80,CRITICAL,ZONE_A,43.96,36.07,20.26,31.81,22.16,22.35,29.1
80,CRITICAL,ZONE_B,51.01,43.61,34.13,35.17,33.26,35.01,32.34
80,CRITICAL,ZONE_C,36.28,30.68,20.87,25.82,25.37,18.49,19.42
80,CRITICAL,ZONE_D,35.11,19.84,16.57,21.97,18.22,19.04,21.28
85,CRITICAL,ZONE_A,43.06,34.91,28.64,34.35,32.53,26.74,30.72
85,CRITICAL,ZONE_B,58.01,49.82,36.62,37.33,38.42,28.69,43.97
85,CRITICAL,ZONE_C,43.34,29.55,22.81,22.75,25.64,18.95,22.48
85,CRITICAL,ZONE_D,31.46,25.84,18.71,22.73,21.25,17.54,20.91
90,CRITICAL,ZONE_A,45.78,38.33,28.08,32.19,28.01,23.86,28.46
90,CRITICAL,ZONE_B,55.9,47.6,33.95,39.38,44.76,41.05,37.65
90,CRITICAL,ZONE_C,40.5,33.82,25.8,23.2,31.49,19.77,29.98
90,CRITICAL,ZONE_D,34.01,24.54,17.24,18.88,24.93,19.87,23.01
95,CRITICAL,ZONE_A,46.12,42.8,29.55,37.42,35.55,27.39,32.96
95,CRITICAL,ZONE_B,58.21,46.67,38.83,44.93,42.18,37.84,42.75
95,CRITICAL,ZONE_C,41.59,35.41,23.15,30.28,27.3,24.31,26.27
95,CRITICAL,ZONE_D,30.61,33.2,19.93,25.74,26.23,18.04,21.22
100,CRITICAL,ZONE_A,46.48,44.05,33.48,32.37,35.11,33.84,32.53
100,CRITICAL,ZONE_B,63.28,53.54,38.79,49.92,46.3,41.84,46.46
100,CRITICAL,ZONE_C,36.63,38.12,27.12,29.69,28.67,26.65,25.98
100,CRITICAL,ZONE_D,34.8,37.03,24.05,31.18,28.46,22.71,21.28
105,CRITICAL,ZONE_A,49.22,43.68,30.37,39.02,33.08,29.92,38.21
105,CRITICAL,ZONE_B,61.59,52.84,42.38,46.81,50.65,42.86,49.94
105,CRITICAL,ZONE_C,37.37,37.7,30.58,31.89,28.82,27.51,25.93
105,CRITICAL,ZONE_D,37.56,27.29,29.36,28.09,20.19,22.24,27.62
110,CRITICAL,ZONE_A,50.39,43.14,36.75,38.86,38.48,34.91,34.73
110,CRITICAL,ZONE_B,67.03,59.06,50.81,53.47,51.43,48.05,49.56
110,CRITICAL,ZONE_C,41.0,36.17,33.22,32.75,32.2,33.72,33.05
110,CRITICAL,ZONE_D,35.96,33.98,23.42,24.71,28.02,24.47,26.02
115,CRITICAL,ZONE_A,51.13,44.71,32.59,37.84,44.25,36.01,34.87
115,CRITICAL,ZONE_B,67.45,58.56,51.9,57.85,53.65,50.0,45.88
115,CRITICAL,ZONE_C,44.92,38.5,30.58,28.63,37.37,31.5,33.13
115,CRITICAL,ZONE_D,39.89,31.23,28.33,29.98,25.68,22.41,28.52
120,CRITICAL,ZONE_A,49.33,46.79,43.96,41.6,45.48,37.71,42.19
120,CRITICAL,ZONE_B,69.76,62.66,50.19,63.37,56.12,48.09,54.45
120,CRITICAL,ZONE_C,45.14,42.64,29.37,34.77,33.74,36.35,37.97
120,CRITICAL,ZONE_D,42.39,35.97,23.63,21.59,32.79,26.77,33.33
125,CRITICAL,ZONE_A,51.09,50.99,40.19,46.31,42.05,39.05,43.75
125,CRITICAL,ZONE_B,67.67,62.96,57.88,56.4,56.7,54.75,60.95
125,CRITICAL,ZONE_C,42.19,38.38,35.31,36.47,34.89,38.32,37.94
125,CRITICAL,ZONE_D,37.66,36.55,32.75,30.72,31.26,28.37,32.94
130,CRITICAL,ZONE_A,54.79,51.22,42.3,43.31,49.95,42.98,42.32
130,CRITICAL,ZONE_B,74.5,65.81,56.75,57.93,58.76,51.2,57.61
130,CRITICAL,ZONE_C,48.71,41.79,39.52,38.08,39.1,36.51,33.77
130,CRITICAL,ZONE_D,40.38,39.26,30.22,29.2,38.63,28.09,31.0
135,CRITICAL,ZONE_A,57.56,49.9,41.42,49.87,43.51,44.41,45.72
135,CRITICAL,ZONE_B,73.17,65.09,60.63,63.07,67.94,54.46,62.86
135,CRITICAL,ZONE_C,52.1,45.31,42.82,37.31,39.09,33.58,41.03
135,CRITICAL,ZONE_D,41.25,38.12,31.82,34.25,34.93,31.31,27.01
140,CRITICAL,ZONE_A,57.31,54.29,48.57,45.78,51.36,44.08,44.56
140,CRITICAL,ZONE_B,77.6,70.39,64.67,66.68,66.91,57.76,63.36
140,CRITICAL,ZONE_C,50.16,45.0,37.54,38.03,42.84,36.8,39.82
140,CRITICAL,ZONE_D,46.1,38.69,36.08,31.26,35.17,30.44,39.85
145,CRITICAL,ZONE_A,58.66,58.2,53.66,51.87,48.35,46.69,52.68
145,CRITICAL,ZONE_B,75.94,70.98,62.98,62.92,69.54,63.62,64.12
145,CRITICAL,ZONE_C,54.23,47.24,45.96,41.49,45.1,39.27,38.35
145,CRITICAL,ZONE_D,42.1,42.04,33.71,35.1,37.03,36.55,31.09
150,CRITICAL,ZONE_A,61.69,58.15,51.48,50.93,51.52,42.35,52.91
150,CRITICAL,ZONE_B,80.89,72.34,66.27,66.12,72.23,61.09,72.22
150,CRITICAL,ZONE_C,55.07,48.36,45.91,42.07,45.56,38.65,48.68
150,CRITICAL,ZONE_D,41.55,36.34,33.69,35.07,34.86,32.7,32.01
155,CRITICAL,ZONE_A,61.82,58.98,48.08,54.45,59.84,48.86,53.41
155,CRITICAL,ZONE_B,81.44,75.16,65.7,70.79,75.17,65.57,78.18
155,CRITICAL,ZONE_C,53.88,50.83,49.22,48.99,49.32,38.62,44.36
155,CRITICAL,ZONE_D,43.02,45.23,39.41,39.08,37.61,31.85,35.89
160,CRITICAL,ZONE_A,63.22,64.02,50.67,54.45,54.3,48.81,55.09
160,CRITICAL,ZONE_B,86.33,77.82,70.7,73.2,72.97,69.82,74.73
160,CRITICAL,ZONE_C,52.25,52.9,47.08,42.49,48.32,39.75,47.71
160,CRITICAL,ZONE_D,45.82,45.39,42.11,41.38,39.44,36.86,39.54
165,CRITICAL,ZONE_A,66.41,64.73,56.65,53.99,64.06,50.56,55.1
165,CRITICAL,ZONE_B,85.46,82.02,78.91,74.0,76.83,72.61,78.65
165,CRITICAL,ZONE_C,51.91,53.52,49.07,53.49,52.24,43.69,51.69
165,CRITICAL,ZONE_D,46.32,49.26,35.27,39.71,45.44,34.2,39.73
170,CRITICAL,ZONE_A,61.22,64.94,59.71,63.58,55.82,56.66,58.51
170,CRITICAL,ZONE_B,85.71,81.95,76.32,76.18,75.66,66.83,75.08
170,CRITICAL,ZONE_C,53.33,50.85,50.23,42.34,51.29,43.39,50.83
170,CRITICAL,ZONE_D,46.44,44.51,36.87,43.09,45.14,40.15,40.14
175,CRITICAL,ZONE_A,67.37,58.49,62.62,59.82,60.57,55.92,57.42
175,CRITICAL,ZONE_B,85.75,81.87,79.52,76.11,81.37,69.36,78.23
175,CRITICAL,ZONE_C,54.84,55.32,50.51,54.0,52.59,45.15,51.01
175,CRITICAL,ZONE_D,48.4,43.67,41.69,48.6,44.73,36.86,44.33
180,CRITICAL,ZONE_A,65.53,62.53,53.97,61.11,64.93,53.77,62.08
180,CRITICAL,ZONE_B,90.09,86.41,77.2,78.52,88.09,73.99,79.29
180,CRITICAL,ZONE_C,55.11,56.21,53.36,58.13,52.13,47.45,51.17
180,CRITICAL,ZONE_D,46.2,43.71,40.53,41.59,47.77,42.17,46.32
185,CRITICAL,ZONE_A,67.02,65.51,58.87,56.86,65.76,56.49,68.31
185,CRITICAL,ZONE_B,89.71,86.48,80.54,79.25,80.57,73.13,82.55
185,CRITICAL,ZONE_C,58.96,57.02,52.49,54.83,53.17,51.56,55.56
185,CRITICAL,ZONE_D,47.34,46.09,45.36,41.75,45.6,42.65,44.6
190,CRITICAL,ZONE_A,68.42,63.29,65.54,62.3,66.03,60.65,61.4
190,CRITICAL,ZONE_B,90.77,86.05,81.95,80.72,87.84,76.65,85.67
190,CRITICAL,ZONE_C,59.19,56.07,60.89,49.9,56.4,48.11,60.27
190,CRITICAL,ZONE_D,50.56,52.09,44.85,47.83,48.49,38.63,43.16
195,CRITICAL,ZONE_A,68.78,65.99,58.98,60.42,68.52,59.19,60.31
195,CRITICAL,ZONE_B,90.96,89.99,84.93,84.21,88.69,79.6,85.51
195,CRITICAL,ZONE_C,61.6,55.87,56.01,53.82,55.2,52.68,56.94
195,CRITICAL,ZONE_D,48.96,46.57,45.82,46.73,50.94,43.74,45.85
200,CRITICAL,ZONE_A,66.53,71.3,63.45,59.97,65.35,55.71,69.49
200,CRITICAL,ZONE_B,93.35,92.17,83.01,80.66,88.5,80.24,84.49
200,CRITICAL,ZONE_C,60.79,58.08,56.52,54.35,57.38,49.88,61.61
200,CRITICAL,ZONE_D,46.91,49.41,46.81,45.95,53.69,46.66,50.19
205,CRITICAL,ZONE_A,69.38,71.16,64.62,66.8,67.4,62.22,68.12
205,CRITICAL,ZONE_B,93.41,90.09,79.31,82.69,88.62,79.71,92.2
205,CRITICAL,ZONE_C,58.71,59.78,54.91,59.46,55.6,50.24,54.26
205,CRITICAL,ZONE_D,49.53,48.4,46.99,43.52,50.21,44.95,45.11
210,CRITICAL,ZONE_A,71.84,69.11,64.37,68.75,65.08,60.65,66.62
210,CRITICAL,ZONE_B,91.7,88.92,78.93,82.56,88.81,79.58,92.09
210,CRITICAL,ZONE_C,61.83,55.71,54.96,48.14,58.97,51.31,53.23
210,CRITICAL,ZONE_D,54.16,50.3,42.53,46.05,50.09,46.9,47.81
215,CRITICAL,ZONE_A,71.73,67.54,66.48,62.87,63.84,61.09,63.73
215,CRITICAL,ZONE_B,96.28,91.68,86.26,87.58,90.34,79.38,84.23
215,CRITICAL,ZONE_C,63.64,56.2,59.19,52.82,62.76,54.8,55.07
215,CRITICAL,ZONE_D,53.66,50.79,44.11,42.23,52.52,47.77,50.13
220,CRITICAL,ZONE_A,67.67,69.21,67.3,65.2,69.51,56.52,63.26
220,CRITICAL,ZONE_B,93.97,93.71,94.62,85.01,88.88,78.84,91.44
220,CRITICAL,ZONE_C,59.82,61.2,56.27,54.63,62.2,51.3,58.64
220,CRITICAL,ZONE_D,55.16,53.15,50.33,43.92,54.26,46.33,48.23
225,CRITICAL,ZONE_A,75.19,66.37,67.82,61.68,68.44,59.91,69.17
225,CRITICAL,ZONE_B,91.46,93.36,90.44,86.3,90.43,83.4,90.5
225,CRITICAL,ZONE_C,63.65,61.81,56.71,54.37,54.79,50.65,59.44
225,CRITICAL,ZONE_D,50.91,51.23,43.38,48.84,47.66,46.02,47.93
230,CRITICAL,ZONE_A,71.52,67.88,62.85,64.55,65.22,62.57,75.38
230,CRITICAL,ZONE_B,93.44,96.63,86.94,87.33,84.95,85.19,94.41
230,CRITICAL,ZONE_C,61.47,59.99,60.32,51.69,58.56,53.77,56.39
230,CRITICAL,ZONE_D,51.72,48.71,47.92,52.42,53.51,45.99,49.42
235,CRITICAL,ZONE_A,73.95,70.8,65.74,57.93,64.94,64.71,65.13
235,CRITICAL,ZONE_B,95.06,93.4,89.68,83.07,92.37,79.98,88.17
235,CRITICAL,ZONE_C,64.61,62.07,58.07,60.63,55.4,53.28,59.6
235,CRITICAL,ZONE_D,53.94,53.42,45.91,46.52,45.5,47.91,55.7
240,CRITICAL,ZONE_A,69.85,68.59,62.81,60.07,68.12,59.27,65.28
240,CRITICAL,ZONE_B,97.25,94.44,85.88,82.8,89.39,83.83,87.0
240,CRITICAL,ZONE_C,59.92,60.55,53.88,57.32,61.79,53.98,52.94
240,CRITICAL,ZONE_D,52.41,45.29,50.23,44.04,48.39,46.67,50.26
245,CRITICAL,ZONE_A,69.69,70.31,65.3,63.21,69.74,61.14,66.67
245,CRITICAL,ZONE_B,95.71,93.87,87.74,88.03,90.24,81.47,87.07
245,CRITICAL,ZONE_C,59.82,61.21,57.26,47.17,62.26,53.64,56.04
245,CRITICAL,ZONE_D,51.27,48.98,48.78,45.52,47.28,44.27,50.52
250,CRITICAL,ZONE_A,72.19,70.67,65.56,63.99,66.3,59.35,69.81
250,CRITICAL,ZONE_B,97.03,90.08,89.05,84.79,88.37,80.48,94.15
250,CRITICAL,ZONE_C,63.74,58.11,55.13,56.33,63.6,57.36,59.58
250,CRITICAL,ZONE_D,51.89,47.07,51.37,38.53,48.93,43.55,49.94
255,CRITICAL,ZONE_A,72.14,70.14,66.84,63.89,69.99,63.84,70.23
255,CRITICAL,ZONE_B,95.4,89.48,88.92,84.56,99.64,82.71,88.86
255,CRITICAL,ZONE_C,62.67,61.78,53.43,57.18,57.31,54.1,57.82
255,CRITICAL,ZONE_D,53.37,53.42,46.26,48.51,50.54,40.82,55.2
260,CRITICAL,ZONE_A,71.05,72.47,66.69,65.65,68.96,62.12,65.29
260,CRITICAL,ZONE_B,97.84,87.4,88.28,90.98,90.71,77.67,88.81
260,CRITICAL,ZONE_C,62.75,60.1,47.98,55.79,60.76,54.41,58.19
260,CRITICAL,ZONE_D,49.37,51.65,49.57,47.58,48.81,47.17,44.82
265,CRITICAL,ZONE_A,72.65,76.11,64.88,63.96,67.13,60.28,72.13
265,CRITICAL,ZONE_B,97.91,92.94,85.48,82.94,89.6,82.9,94.01
265,CRITICAL,ZONE_C,65.03,60.58,58.51,58.38,60.06,51.05,51.18
265,CRITICAL,ZONE_D,52.12,49.19,46.37,48.04,52.74,44.24,51.84
270,CRITICAL,ZONE_A,69.9,67.81,61.24,61.48,63.98,63.08,75.9
270,CRITICAL,ZONE_B,97.1,93.14,84.01,81.02,92.33,78.64,89.32
270,CRITICAL,ZONE_C,60.8,61.7,56.14,57.65,59.52,56.52,57.61
270,CRITICAL,ZONE_D,52.35,48.37,47.63,45.85,48.31,46.17,50.2
275,CRITICAL,ZONE_A,70.52,64.83,68.7,61.57,71.5,60.79,65.6
275,CRITICAL,ZONE_B,95.61,89.16,84.93,84.72,92.26,84.65,91.82
275,CRITICAL,ZONE_C,62.69,61.06,61.7,50.13,58.0,55.42,63.14
275,CRITICAL,ZONE_D,49.07,46.47,49.67,44.3,50.81,47.05,45.69
280,CRITICAL,ZONE_A,70.89,70.89,65.32,62.26,67.75,58.32,68.69
280,CRITICAL,ZONE_B,95.15,90.13,84.79,83.47,92.02,82.84,83.7
280,CRITICAL,ZONE_C,62.23,59.07,59.47,57.86,58.25,54.13,62.04
280,CRITICAL,ZONE_D,49.43,54.79,49.45,45.49,47.72,43.82,45.93
285,CRITICAL,ZONE_A,67.68,67.89,68.28,64.66,69.73,61.34,71.01
285,CRITICAL,ZONE_B,93.43,95.01,88.24,80.75,96.89,81.93,91.15
285,CRITICAL,ZONE_C,65.53,61.66,57.33,55.09,60.54,53.01,59.07
285,CRITICAL,ZONE_D,54.02,48.66,51.68,45.55,47.44,44.03,41.63
290,CRITICAL,ZONE_A,73.1,70.12,68.78,66.0,67.15,58.14,68.76
290,CRITICAL,ZONE_B,95.8,91.08,85.82,91.37,93.51,84.05,91.73
290,CRITICAL,ZONE_C,59.63,63.04,53.78,53.95,59.39,58.28,57.23
290,CRITICAL,ZONE_D,52.01,50.17,50.87,41.09,52.95,47.15,53.26
295,CRITICAL,ZONE_A,72.34,71.73,63.19,61.03,69.4,61.32,61.84
295,CRITICAL,ZONE_B,92.99,95.19,85.47,85.85,86.9,76.9,90.95
295,CRITICAL,ZONE_C,60.42,58.42,62.18,46.81,56.64,60.13,60.27
295,CRITICAL,ZONE_D,52.14,53.13,43.99,48.89,48.12,40.97,46.13
